{"cameraMode":{"drawMode":0,"name":"Shaded","section":"Shading Mode"},"sceneLighting":false,"audioPlay":false,"sceneViewState":{"m_AlwaysRefresh":false,"showFog":true,"showSkybox":false,"showFlares":true,"showImageEffects":true,"showParticleSystems":true,"showVisualEffectGraphs":true,"m_FxEnabled":true},"in2DMode":false,"pivot":{"x":0.040000006556510928,"y":0.3500000238418579,"z":3.4100000858306886},"rotation":{"x":-0.6862145662307739,"y":-0.007204221095889807,"z":0.006795600522309542,"w":-0.7273440361022949},"size":0.9092709422111511,"orthographic":false}