{"cameraMode":{"drawMode":0,"name":"Shaded","section":"Shading Mode"},"sceneLighting":true,"audioPlay":false,"sceneViewState":{"m_AlwaysRefresh":false,"showFog":true,"showSkybox":true,"showFlares":true,"showImageEffects":true,"showParticleSystems":true,"showVisualEffectGraphs":true,"m_FxEnabled":true},"in2DMode":false,"pivot":{"x":9.133131980895996,"y":-9.209756851196289,"z":30.532793045043947},"rotation":{"x":0.16568319499492646,"y":0.06444592773914337,"z":-0.010903611779212952,"w":0.9840236902236939},"size":22.850072860717775,"orthographic":false}