{"cameraMode":{"drawMode":0,"name":"Shaded","section":"Shading Mode"},"sceneLighting":true,"audioPlay":false,"sceneViewState":{"m_AlwaysRefresh":false,"showFog":true,"showSkybox":true,"showFlares":true,"showImageEffects":true,"showParticleSystems":true,"showVisualEffectGraphs":true,"m_FxEnabled":true},"in2DMode":false,"pivot":{"x":-4.311948776245117,"y":-6.349517345428467,"z":34.39991760253906},"rotation":{"x":-0.13247594237327577,"y":0.02883371338248253,"z":-0.0038564270362257959,"w":-0.990833044052124},"size":27.410072326660158,"orthographic":false}