{"cameraMode":{"drawMode":0,"name":"Shaded","section":"Shading Mode"},"sceneLighting":true,"audioPlay":false,"sceneViewState":{"m_AlwaysRefresh":false,"showFog":true,"showSkybox":true,"showFlares":true,"showImageEffects":true,"showParticleSystems":true,"showVisualEffectGraphs":true,"m_FxEnabled":true},"in2DMode":false,"pivot":{"x":-2.1696438789367677,"y":-1.962943196296692,"z":-10.181406021118164},"rotation":{"x":0.004187155980616808,"y":-0.014408834278583527,"z":0.00002775073517113924,"w":-0.9999996423721314},"size":0.8660253882408142,"orthographic":false}