{"cameraMode":{"drawMode":0,"name":"Shaded","section":"Shading Mode"},"sceneLighting":false,"audioPlay":false,"sceneViewState":{"m_AlwaysRefresh":false,"showFog":true,"showSkybox":false,"showFlares":true,"showImageEffects":true,"showParticleSystems":true,"showVisualEffectGraphs":true,"m_FxEnabled":true},"in2DMode":false,"pivot":{"x":-0.2200000286102295,"y":-0.06462502479553223,"z":3.8716421127319338},"rotation":{"x":-0.4555690586566925,"y":-0.20186640322208405,"z":0.10681223124265671,"w":-0.8604632616043091},"size":1.961419939994812,"orthographic":false}